15:04 23/11/2021,SHS,49.4,54.3,44.5,52,48,121941
15:04 23/11/2021,ART,14.4,15.8,13,15.4,14,73041
15:04 23/11/2021,PVS,25,27.5,22.5,26.1,25,69808
15:04 23/11/2021,KLF,5.9,6.4,5.4,6.1,5.5,65576
15:04 23/11/2021,CEO,29.4,32.3,26.5,32.3,27,53084
15:04 23/11/2021,APS,51.8,56.9,46.7,55.3,46.8,49285
15:04 23/11/2021,TVC,24.7,27.1,22.3,25.6,23.3,43866
15:04 23/11/2021,IDC,88,96.8,79.2,90,85.7,29077
15:04 23/11/2021,NDN,22,24.2,19.8,23.2,21.3,25721
15:04 23/11/2021,PVL,16.2,17.8,14.6,16.2,14.6,24632
15:04 23/11/2021,HUT,14.1,15.5,12.7,14.9,13.6,24575
15:04 23/11/2021,S99,23.3,25.6,21,23.8,21.2,20494
15:04 23/11/2021,VIG,15.3,16.8,13.8,16.3,14.1,20356
15:04 23/11/2021,DL1,12,13.2,10.8,12.7,11.3,20032
15:04 23/11/2021,MBS,41.9,46,37.8,44,40,19643
14:47 23/11/2021,TTH,6.4,7,5.8,7,6,18601
14:47 23/11/2021,MBG,13.3,14.6,12,14,12,18162
15:04 23/11/2021,HHG,6.8,7.4,6.2,6.9,6.2,17732
15:04 23/11/2021,TNG,29,31.9,26.1,30.9,28.7,17116
15:04 23/11/2021,AMV,13,14.3,11.7,13.2,12.7,16885
14:47 23/11/2021,KVC,6.2,6.8,5.6,6.5,5.6,16202
15:04 23/11/2021,KSQ,8.7,9.5,7.9,8.7,7.9,14265
15:04 23/11/2021,BII,14.8,16.2,13.4,15.2,14.5,14191
15:04 23/11/2021,DST,7.2,7.9,6.5,7.4,6.5,13273
15:04 23/11/2021,ITQ,11.2,12.3,10.1,11.4,10.1,12991
15:04 23/11/2021,LIG,16.2,17.8,14.6,17.2,15,12842
15:04 23/11/2021,IDJ,62.9,69.1,56.7,63.8,57,11776
15:04 23/11/2021,PVC,11.9,13,10.8,13,11.8,11175
15:04 23/11/2021,BCC,23.9,26.2,21.6,25.5,23,10267
15:04 23/11/2021,SD9,18.5,20.3,16.7,18.4,16.7,10017
15:04 23/11/2021,CMS,17.7,19.4,16,19.4,17.7,9367
15:04 23/11/2021,TAR,35.4,38.9,31.9,36.9,34.5,9218
14:47 23/11/2021,SRA,12.6,13.8,11.4,12.7,11.9,8926
15:04 23/11/2021,LAS,22.2,24.4,20,23.6,22.3,8789
15:04 23/11/2021,NTP,60.5,66.5,54.5,61.2,59.1,8638
15:04 23/11/2021,IPA,68.7,75.5,61.9,71.9,66.5,8131
15:04 23/11/2021,PV2,8,8.8,7.2,8,7.2,8008
14:47 23/11/2021,PSI,19.1,21,17.2,20.5,18.5,7853
15:04 23/11/2021,AAV,26.2,28.8,23.6,27.5,25.2,6562
14:46 23/11/2021,FID,7.8,8.5,7.1,7.9,7.2,6424
15:04 23/11/2021,TIG,19.4,21.3,17.5,20,18.9,6327
15:04 23/11/2021,BVS,41,45.1,36.9,43.3,39.5,5689
15:04 23/11/2021,HBS,17.5,19.2,15.8,17.5,15.9,5208
15:04 23/11/2021,THD,233.9,257.2,210.6,235.7,234.2,5149
15:04 23/11/2021,CVN,12.4,13.6,11.2,13.6,11.5,4930
15:04 23/11/2021,NRC,29.3,32.2,26.4,30.5,27.1,4781
15:04 23/11/2021,SCI,39.4,43.3,35.5,42.8,37.5,4756
15:04 23/11/2021,VHE,9.5,10.4,8.6,10.4,9.2,4746
15:04 23/11/2021,VGS,44,48.4,39.6,44.3,42.2,4659
15:04 23/11/2021,OCH,9.4,10.3,8.5,9.6,8.9,4182
15:04 23/11/2021,SCG,84.2,92.6,75.8,85.4,84.2,4150
15:04 23/11/2021,NDX,14.8,16.2,13.4,14.8,13.4,4056
15:04 23/11/2021,MAC,9.2,10.1,8.3,9.9,9.2,3886
15:04 23/11/2021,PLC,39,42.9,35.1,41,38,3826
15:04 23/11/2021,VC3,57.2,62.9,51.5,57.5,52,3758
14:47 23/11/2021,MST,17.5,19.2,15.8,18.1,17,3654
15:04 23/11/2021,HOM,9.3,10.2,8.4,10.1,9,3365
15:04 23/11/2021,TC6,13,14.3,11.7,13.6,12,3325
15:04 23/11/2021,SD6,10.2,11.2,9.2,10,9.2,3321
15:04 23/11/2021,TDN,14.6,16,13.2,15.7,13.7,3284
15:04 23/11/2021,DXP,22.2,24.4,20,23.6,21.5,3263
15:04 23/11/2021,EVS,40.3,44.3,36.3,40.2,37.6,3183
15:04 23/11/2021,VC7,24.1,26.5,21.7,26.4,21.8,3165
15:04 23/11/2021,PVG,14.5,15.9,13.1,15.4,14.5,3085
15:04 23/11/2021,SD5,13.5,14.8,12.2,13.8,12.5,3006
15:04 23/11/2021,C69,18.4,20.2,16.6,18.8,17.7,2958
15:04 23/11/2021,NSH,15.8,17.3,14.3,15.8,14.5,2813
15:04 23/11/2021,TVD,13.8,15.1,12.5,14.8,12.9,2806
14:46 23/11/2021,GKM,31,34.1,27.9,31.5,30.1,2698
14:47 23/11/2021,VTV,9.3,10.2,8.4,9.2,8.5,2632
14:47 23/11/2021,PCG,10.9,11.9,9.9,11.8,10.2,2483
15:04 23/11/2021,BNA,43.6,47.9,39.3,46,42.5,2424
14:47 23/11/2021,KSF,72,79.2,64.8,73.3,71.6,2377
14:47 23/11/2021,NBC,20.1,22.1,18.1,21.8,20,2319
15:04 23/11/2021,IVS,17,18.7,15.3,17.4,16,2269
15:04 23/11/2021,DTD,44.5,48.9,40.1,45.8,41,2239
15:04 23/11/2021,VC9,13.9,15.2,12.6,13.9,12.6,2206
15:04 23/11/2021,DVG,22.6,24.8,20.4,22.6,21.6,2149
15:04 23/11/2021,API,92,101.2,82.8,93,83,2080
15:04 23/11/2021,TA9,17.6,19.3,15.9,17,15.9,2068
15:04 23/11/2021,SPI,12.5,13.7,11.3,13.5,12,2046
15:04 23/11/2021,CTC,7.7,8.4,7,7.9,7.3,2029
15:04 23/11/2021,SDA,65,71.5,58.5,65,58.5,1989
15:04 23/11/2021,NVB,30.7,33.7,27.7,31.7,29.7,1987
15:04 23/11/2021,VKC,14.3,15.7,12.9,14.3,12.9,1983
15:04 23/11/2021,KDM,10.3,11.3,9.3,10.4,9.9,1973
15:04 23/11/2021,CET,10.5,11.5,9.5,10.2,9.5,1875
15:04 23/11/2021,KSD,7,7.7,6.3,7.3,6.4,1869
15:04 23/11/2021,THT,13.8,15.1,12.5,14.6,13.2,1869
14:47 23/11/2021,WSS,15.6,17.1,14.1,16.2,14.6,1765
14:46 23/11/2021,DDG,30,33,27,30.7,29.6,1734
15:04 23/11/2021,TDT,14.5,15.9,13.1,14.9,14.4,1691
15:04 23/11/2021,SDT,9.9,10.8,9,10.4,9,1686
14:46 23/11/2021,VC2,51.9,57,46.8,52.3,46.8,1599
15:04 23/11/2021,L18,48.6,53.4,43.8,49.4,44,1410
15:04 23/11/2021,PVI,46.7,51.3,42.1,47.9,46.4,1383
15:04 23/11/2021,SVN,7.2,7.9,6.5,7.1,6.5,1370
15:04 23/11/2021,BTS,11.5,12.6,10.4,12.5,11.1,1365
15:04 23/11/2021,SD4,9.5,10.4,8.6,9.4,8.6,1310
15:04 23/11/2021,VCS,121,133.1,108.9,122.9,120,1261
09:07 24/11/2021,PVS,25.8,28.3,23.3,26.6,26.0,6531
09:07 24/11/2021,SHS,52.0,57.2,46.8,53.8,51.3,6510
09:07 24/11/2021,KLF,6.0,6.6,5.4,6.2,5.9,5395
09:07 24/11/2021,ART,15.3,16.8,13.8,15.9,15.4,3926
09:06 24/11/2021,CMS,19.4,21.3,17.5,21.3,21.3,3568
09:07 24/11/2021,TTH,7.0,7.7,6.3,7.5,7.2,3059
09:07 24/11/2021,IDC,87.3,96.0,78.6,88.3,87.2,2420
09:07 24/11/2021,CEO,32.0,35.2,28.8,34.7,32.0,2320
09:07 24/11/2021,BII,15.0,16.5,13.5,15.7,15.0,2019
09:06 24/11/2021,NRC,29.8,32.7,26.9,30.7,29.9,1877
09:07 24/11/2021,APS,53.9,59.2,48.6,57.0,53.9,1259
09:07 24/11/2021,VGS,44.0,48.4,39.6,47.5,44.5,1212
09:07 24/11/2021,TVC,25.1,27.6,22.6,25.7,25.4,1165
09:07 24/11/2021,VIG,16.0,17.6,14.4,17.0,16.1,1109
09:07 24/11/2021,MBS,43.8,48.1,39.5,45.4,43.9,923
09:06 24/11/2021,TNG,30.1,33.1,27.1,30.9,30.4,852
09:06 24/11/2021,PVC,13.0,14.3,11.7,13.8,13.3,835
09:07 24/11/2021,AMV,13.2,14.5,11.9,13.7,13.2,812
09:07 24/11/2021,SD9,17.3,19.0,15.6,17.3,16.2,526
09:06 24/11/2021,S99,23.8,26.1,21.5,24.3,23.8,417
09:06 24/11/2021,DL1,12.4,13.6,11.2,12.8,12.2,412
09:07 24/11/2021,LIG,17.2,18.9,15.5,17.5,17.2,375
09:06 24/11/2021,DST,7.4,8.1,6.7,7.6,7.3,360
09:06 24/11/2021,MCO,8.4,9.2,7.6,7.6,7.6,349
09:06 24/11/2021,NDN,23.2,25.5,20.9,23.6,23.2,346
09:06 24/11/2021,MBG,13.8,15.1,12.5,14.1,13.6,300
09:06 24/11/2021,HHG,6.9,7.5,6.3,7.2,6.9,296
09:07 24/11/2021,SRA,12.4,13.6,11.2,12.7,12.4,270
09:06 24/11/2021,IPA,71.9,79.0,64.8,73.2,71.9,264
09:07 24/11/2021,HUT,14.8,16.2,13.4,15.0,14.8,256
09:07 24/11/2021,PSI,20.5,22.5,18.5,22.0,20.5,253
09:06 24/11/2021,HBS,17.4,19.1,15.7,18.3,17.4,240
09:07 24/11/2021,BVS,43.3,47.6,39.0,44.8,43.3,239
09:05 24/11/2021,DVG,22.1,24.3,19.9,22.1,21.8,235
09:07 24/11/2021,THD,235.2,258.7,211.7,235.8,235.3,234
09:07 24/11/2021,KSQ,7.9,8.6,7.2,8.6,7.9,226
09:05 24/11/2021,DTC,13.0,14.3,11.7,13.0,11.7,226
09:07 24/11/2021,CSC,127.0,139.7,114.3,135.0,129.0,203
09:06 24/11/2021,PVL,16.0,17.6,14.4,16.9,16.0,181
09:07 24/11/2021,LAS,23.5,25.8,21.2,23.6,23.5,177
09:07 24/11/2021,IDJ,63.5,69.8,57.2,66.0,63.5,176
09:06 24/11/2021,VMC,14.5,15.9,13.1,15.0,15.0,175
09:07 24/11/2021,AAV,27.5,30.2,24.8,28.0,27.5,166
09:07 24/11/2021,VC7,24.5,26.9,22.1,25.1,23.1,160
09:06 24/11/2021,LDP,15.4,16.9,13.9,16.9,16.9,147
09:06 24/11/2021,CVN,13.6,14.9,12.3,14.4,13.7,144
09:05 24/11/2021,BNA,46.0,50.6,41.4,46.1,45.2,126
09:06 24/11/2021,SDA,61.0,67.1,54.9,64.8,59.6,121
09:07 24/11/2021,DXP,23.6,25.9,21.3,23.9,23.6,115
09:07 24/11/2021,TC6,13.6,14.9,12.3,14.3,14.0,108
09:07 24/11/2021,BCC,25.5,28.0,23.0,26.2,25.4,102
09:06 24/11/2021,TAR,36.6,40.2,33.0,37.0,36.6,97
09:05 24/11/2021,FID,7.9,8.6,7.2,8.0,7.9,82
09:04 24/11/2021,DZM,10.0,11.0,9.0,10.4,10.4,80
09:06 24/11/2021,KVC,6.4,7.0,5.8,6.5,6.4,74
09:07 24/11/2021,GKM,30.2,33.2,27.2,30.2,30.2,71
09:05 24/11/2021,WSS,16.1,17.7,14.5,16.5,16.2,68
09:06 24/11/2021,C69,18.6,20.4,16.8,18.8,18.6,68
09:06 24/11/2021,HOM,10.1,11.1,9.1,10.1,10.1,62
09:06 24/11/2021,ITQ,11.1,12.2,10.0,11.4,10.9,61
09:06 24/11/2021,VC3,56.0,61.6,50.4,56.6,56.5,54
09:05 24/11/2021,OCH,9.0,9.9,8.1,9.2,9.0,51
09:05 24/11/2021,VCM,18.5,20.3,16.7,18.0,18.0,50
09:05 24/11/2021,CCR,36.1,39.7,32.5,35.8,32.5,48
09:06 24/11/2021,PV2,7.7,8.4,7.0,8.2,8.0,48
09:06 24/11/2021,NVB,29.8,32.7,26.9,30.1,30.0,47
09:05 24/11/2021,TA9,15.9,17.4,14.4,16.0,16.0,39
09:06 24/11/2021,L14,222.0,244.2,199.8,232.0,222.0,39
09:05 24/11/2021,PHP,29.9,32.8,27.0,30.2,29.9,38
09:06 24/11/2021,SDT,10.2,11.2,9.2,10.3,10.2,38
09:07 24/11/2021,PLC,40.0,44.0,36.0,41.0,40.5,34
09:05 24/11/2021,TKU,38.5,42.3,34.7,41.0,38.5,33
09:06 24/11/2021,VC2,51.5,56.6,46.4,51.5,51.5,31
09:05 24/11/2021,CMC,15.9,17.4,14.4,15.9,15.9,30
09:05 24/11/2021,DTD,45.7,50.2,41.2,45.8,45.8,30
09:05 24/11/2021,PMB,19.2,21.1,17.3,20.5,19.1,30
09:05 24/11/2021,TDT,14.8,16.2,13.4,15.0,14.7,30
09:06 24/11/2021,SD6,9.3,10.2,8.4,10.0,9.3,27
09:05 24/11/2021,APP,11.0,12.1,9.9,11.0,11.0,25
09:06 24/11/2021,CTP,8.0,8.8,7.2,8.3,8.2,25
09:06 24/11/2021,TIG,19.8,21.7,17.9,20.0,19.6,25
09:06 24/11/2021,PVG,15.1,16.6,13.6,15.5,15.1,24
09:05 24/11/2021,PSW,26.7,29.3,24.1,27.8,27.5,23
09:06 24/11/2021,PVI,47.6,52.3,42.9,48.4,47.6,22
09:06 24/11/2021,NDX,13.4,14.7,12.1,13.4,13.3,22
09:06 24/11/2021,SPI,13.5,14.8,12.2,13.9,13.8,20
09:07 24/11/2021,NBC,21.5,23.6,19.4,21.5,21.5,20
09:07 24/11/2021,VKC,14.3,15.7,12.9,14.8,14.3,19
09:05 24/11/2021,UNI,18.0,19.8,16.2,18.6,18.4,19
09:05 24/11/2021,CAG,25.9,28.4,23.4,26.1,26.1,18
09:07 24/11/2021,BAB,24.5,26.9,22.1,24.5,24.5,17
09:05 24/11/2021,CAP,84.2,92.6,75.8,85.1,84.5,14
09:06 24/11/2021,CTC,7.8,8.5,7.1,7.8,7.8,13
09:05 24/11/2021,NTP,60.9,66.9,54.9,61.9,61.9,13
09:05 24/11/2021,TTC,16.6,18.2,15.0,16.6,16.6,12
09:00 24/11/2021,HDA,27.3,30.0,24.6,27.5,27.3,12
09:06 24/11/2021,D11,39.4,43.3,35.5,40.5,39.4,12
09:06 24/11/2021,PGT,12.2,13.4,11.0,12.5,12.5,12
09:06 24/11/2021,KSD,6.9,7.5,6.3,7.0,6.9,11
09:07 24/11/2021,TVD,14.6,16.0,13.2,15.0,14.6,11
09:08 24/11/2021,PVS,25.8,28.3,23.3,26.6,26.0,7932
09:09 24/11/2021,SHS,52.0,57.2,46.8,53.8,51.3,7496
09:08 24/11/2021,KLF,6.0,6.6,5.4,6.2,5.9,5500
09:08 24/11/2021,ART,15.3,16.8,13.8,16.0,15.4,4659
09:09 24/11/2021,CEO,32.0,35.2,28.8,35.0,32.0,4097
09:09 24/11/2021,CMS,19.4,21.3,17.5,21.3,21.3,3677
09:08 24/11/2021,TTH,7.0,7.7,6.3,7.5,7.2,3338
09:08 24/11/2021,IDC,87.3,96.0,78.6,88.4,87.2,3016
09:09 24/11/2021,BII,15.0,16.5,13.5,15.9,15.0,2527
09:08 24/11/2021,NRC,29.8,32.7,26.9,30.7,29.9,2047
09:08 24/11/2021,VIG,16.0,17.6,14.4,17.0,16.1,1703
09:09 24/11/2021,TVC,25.1,27.6,22.6,25.7,25.4,1681
09:08 24/11/2021,APS,53.9,59.2,48.6,57.0,53.9,1501
09:09 24/11/2021,VGS,44.0,48.4,39.6,47.5,44.5,1441
09:08 24/11/2021,AMV,13.2,14.5,11.9,13.8,13.2,1349
09:09 24/11/2021,MBS,43.8,48.1,39.5,45.6,43.9,1092
09:09 24/11/2021,PVC,13.0,14.3,11.7,13.8,13.3,1071
09:08 24/11/2021,TNG,30.1,33.1,27.1,30.9,30.4,941
09:08 24/11/2021,SD9,17.3,19.0,15.6,17.3,16.2,659
09:08 24/11/2021,MBG,13.8,15.1,12.5,14.1,13.6,658
09:08 24/11/2021,DL1,12.4,13.6,11.2,12.8,12.2,529
09:08 24/11/2021,NDN,23.2,25.5,20.9,23.6,23.2,520
09:08 24/11/2021,MCO,8.4,9.2,7.6,7.6,7.6,500
09:09 24/11/2021,LIG,17.2,18.9,15.5,17.5,16.8,492
09:08 24/11/2021,S99,23.8,26.1,21.5,24.3,23.6,476
09:09 24/11/2021,DST,7.4,8.1,6.7,7.6,7.3,467
09:08 24/11/2021,IPA,71.9,79.0,64.8,73.5,71.9,407
09:08 24/11/2021,SRA,12.4,13.6,11.2,12.9,12.4,370
09:08 24/11/2021,CVN,13.6,14.9,12.3,14.6,13.7,368
09:08 24/11/2021,HUT,14.8,16.2,13.4,15.0,14.8,364
09:08 24/11/2021,HHG,6.9,7.5,6.3,7.3,6.9,320
09:08 24/11/2021,HBS,17.4,19.1,15.7,18.3,17.4,315
09:08 24/11/2021,DVG,22.1,24.3,19.9,22.1,21.8,298
09:08 24/11/2021,PSI,20.5,22.5,18.5,22.0,20.5,296
09:08 24/11/2021,IDJ,63.5,69.8,57.2,66.9,63.5,294
09:08 24/11/2021,VMC,14.5,15.9,13.1,15.2,15.0,276
09:09 24/11/2021,PVL,16.0,17.6,14.4,16.9,16.0,271
09:08 24/11/2021,BVS,43.3,47.6,39.0,44.8,43.3,260
09:08 24/11/2021,THD,235.2,258.7,211.7,235.9,235.3,254
09:08 24/11/2021,KSQ,7.9,8.6,7.2,8.6,7.9,245
09:08 24/11/2021,DTC,13.0,14.3,11.7,13.0,11.7,236
09:08 24/11/2021,CSC,127.0,139.7,114.3,135.0,129.0,205
09:08 24/11/2021,LAS,23.5,25.8,21.2,23.6,23.5,199
09:08 24/11/2021,LDP,15.4,16.9,13.9,16.9,16.9,196
09:08 24/11/2021,AAV,27.5,30.2,24.8,28.0,27.5,176
09:08 24/11/2021,GKM,30.2,33.2,27.2,30.3,30.2,175
09:08 24/11/2021,VC7,24.5,26.9,22.1,25.2,23.1,165
09:08 24/11/2021,TC6,13.6,14.9,12.3,14.3,14.0,141
09:08 24/11/2021,BCC,25.5,28.0,23.0,26.4,25.4,136
09:08 24/11/2021,KVC,6.4,7.0,5.8,6.5,6.4,133
09:08 24/11/2021,BNA,46.0,50.6,41.4,46.1,45.2,126
09:08 24/11/2021,SDA,61.0,67.1,54.9,64.8,59.6,125
09:08 24/11/2021,FID,7.9,8.6,7.2,8.2,7.9,122
09:08 24/11/2021,DXP,23.6,25.9,21.3,23.9,23.6,115
09:09 24/11/2021,TAR,36.6,40.2,33.0,37.0,36.6,103
09:08 24/11/2021,HOM,10.1,11.1,9.1,10.1,10.1,102
09:08 24/11/2021,ITQ,11.1,12.2,10.0,11.4,10.9,94
09:08 24/11/2021,DZM,10.0,11.0,9.0,10.4,10.4,80
09:08 24/11/2021,OCH,9.0,9.9,8.1,9.3,9.0,74
09:08 24/11/2021,WSS,16.1,17.7,14.5,16.5,16.2,68
09:08 24/11/2021,C69,18.6,20.4,16.8,18.8,18.6,68
09:08 24/11/2021,L14,222.0,244.2,199.8,235.0,222.0,67
09:08 24/11/2021,PLC,40.0,44.0,36.0,41.3,40.5,55
09:08 24/11/2021,VC3,56.0,61.6,50.4,56.6,56.3,55
09:08 24/11/2021,VCM,18.5,20.3,16.7,18.0,18.0,50
09:08 24/11/2021,PV2,7.7,8.4,7.0,8.2,8.0,50
09:08 24/11/2021,TDT,14.8,16.2,13.4,15.0,14.7,50
09:08 24/11/2021,TXM,8.0,8.8,7.2,8.0,8.0,50
09:08 24/11/2021,CCR,36.1,39.7,32.5,35.8,32.5,49
09:08 24/11/2021,NVB,29.8,32.7,26.9,30.1,30.0,49
09:08 24/11/2021,TA9,15.9,17.4,14.4,16.0,16.0,39
09:08 24/11/2021,PHP,29.9,32.8,27.0,30.2,29.9,38
09:08 24/11/2021,SDT,10.2,11.2,9.2,10.3,10.2,38
09:08 24/11/2021,TKU,38.5,42.3,34.7,41.0,38.5,33
09:08 24/11/2021,PGT,12.2,13.4,11.0,12.5,12.5,33
09:08 24/11/2021,VE1,8.1,8.9,7.3,8.1,7.6,32
09:08 24/11/2021,SD6,9.3,10.2,8.4,10.0,9.3,31
09:08 24/11/2021,VC2,51.5,56.6,46.4,51.5,51.5,31
09:08 24/11/2021,VKC,14.3,15.7,12.9,14.8,14.3,30
09:08 24/11/2021,CMC,15.9,17.4,14.4,15.9,15.9,30
09:08 24/11/2021,DTD,45.7,50.2,41.2,45.8,45.8,30
09:08 24/11/2021,PMB,19.2,21.1,17.3,20.5,19.1,30
09:08 24/11/2021,TIG,19.8,21.7,17.9,20.0,19.6,30
09:08 24/11/2021,UNI,18.0,19.8,16.2,18.6,18.4,29
09:08 24/11/2021,TKC,14.4,15.8,13.0,14.9,14.9,26
09:08 24/11/2021,CTP,8.0,8.8,7.2,8.3,8.2,26
09:08 24/11/2021,APP,11.0,12.1,9.9,11.0,11.0,25
09:08 24/11/2021,KDM,10.4,11.4,9.4,10.3,10.3,25
09:08 24/11/2021,NDX,13.4,14.7,12.1,13.4,13.0,24
09:08 24/11/2021,PVG,15.1,16.6,13.6,15.5,15.1,24
09:08 24/11/2021,PSW,26.7,29.3,24.1,27.8,27.5,23
09:08 24/11/2021,PVI,47.6,52.3,42.9,48.4,47.6,22
09:08 24/11/2021,NBC,21.5,23.6,19.4,21.5,21.5,21
09:08 24/11/2021,SPI,13.5,14.8,12.2,13.9,13.8,20
09:08 24/11/2021,CAG,25.9,28.4,23.4,26.1,26.1,18
09:08 24/11/2021,BAB,24.5,26.9,22.1,24.5,24.5,17
09:08 24/11/2021,CAP,84.2,92.6,75.8,85.1,84.5,14
09:08 24/11/2021,CTC,7.8,8.5,7.1,7.8,7.8,13
09:08 24/11/2021,NTP,60.9,66.9,54.9,61.9,61.9,13
09:05 24/11/2021,TTC,16.6,18.2,15.0,16.6,16.6,12
09:13 24/11/2021,PVS,25.8,28.3,23.3,26.6,26.0,8525
09:13 24/11/2021,SHS,52.0,57.2,46.8,53.8,51.3,8475
09:13 24/11/2021,CEO,32.0,35.2,28.8,35.0,32.0,6862
09:13 24/11/2021,KLF,6.0,6.6,5.4,6.2,5.9,5899
09:13 24/11/2021,ART,15.3,16.8,13.8,16.0,15.4,5594
09:13 24/11/2021,TTH,7.0,7.7,6.3,7.5,7.2,4813
09:13 24/11/2021,CMS,19.4,21.3,17.5,21.3,21.3,3897
09:13 24/11/2021,IDC,87.3,96.0,78.6,88.4,86.9,3508
09:13 24/11/2021,BII,15.0,16.5,13.5,15.9,15.0,3160
09:13 24/11/2021,VGS,44.0,48.4,39.6,47.5,44.5,2207
09:13 24/11/2021,TVC,25.1,27.6,22.6,25.8,25.4,2188
09:13 24/11/2021,VIG,16.0,17.6,14.4,17.0,16.1,2077
09:13 24/11/2021,NRC,29.8,32.7,26.9,30.7,29.9,2062
09:13 24/11/2021,AMV,13.2,14.5,11.9,13.9,13.2,1862
09:13 24/11/2021,APS,53.9,59.2,48.6,57.0,53.9,1655
09:13 24/11/2021,MBS,43.8,48.1,39.5,45.7,43.9,1527
09:13 24/11/2021,PVC,13.0,14.3,11.7,13.8,13.3,1204
09:13 24/11/2021,TNG,30.1,33.1,27.1,30.9,30.4,1016
09:13 24/11/2021,SD9,17.3,19.0,15.6,17.3,16.2,871
09:13 24/11/2021,MBG,13.8,15.1,12.5,14.1,13.6,694
09:13 24/11/2021,HUT,14.8,16.2,13.4,15.0,14.8,674
09:13 24/11/2021,DST,7.4,8.1,6.7,7.6,7.3,618
09:13 24/11/2021,DL1,12.4,13.6,11.2,12.8,12.2,571
09:13 24/11/2021,CVN,13.6,14.9,12.3,14.7,13.7,567
09:13 24/11/2021,NDN,23.2,25.5,20.9,23.6,23.2,549
09:13 24/11/2021,S99,23.8,26.1,21.5,24.3,23.6,533
09:13 24/11/2021,LIG,17.2,18.9,15.5,17.5,16.8,518
09:13 24/11/2021,MCO,8.4,9.2,7.6,7.7,7.6,503
09:13 24/11/2021,IPA,71.9,79.0,64.8,74.0,71.9,477
09:13 24/11/2021,AAV,27.5,30.2,24.8,28.5,27.5,459
09:13 24/11/2021,IDJ,63.5,69.8,57.2,66.9,63.5,450
09:13 24/11/2021,HHG,6.9,7.5,6.3,7.3,6.9,394
09:13 24/11/2021,KSQ,7.9,8.6,7.2,8.6,7.9,393
09:13 24/11/2021,SRA,12.4,13.6,11.2,12.9,12.4,389
09:13 24/11/2021,DVG,22.1,24.3,19.9,22.1,21.8,385
09:13 24/11/2021,PSI,20.5,22.5,18.5,22.0,20.5,377
09:13 24/11/2021,HBS,17.4,19.1,15.7,18.3,17.4,357
09:13 24/11/2021,BCC,25.5,28.0,23.0,26.4,25.4,307
09:13 24/11/2021,PVL,16.0,17.6,14.4,16.9,16.0,301
09:13 24/11/2021,THD,235.2,258.7,211.7,236.0,235.3,295
09:13 24/11/2021,BVS,43.3,47.6,39.0,44.8,43.3,294
09:10 24/11/2021,VMC,14.5,15.9,13.1,15.2,15.0,276
09:13 24/11/2021,CSC,127.0,139.7,114.3,135.0,129.0,258
09:13 24/11/2021,DTC,13.0,14.3,11.7,13.0,11.7,240
09:13 24/11/2021,VC7,24.5,26.9,22.1,26.3,23.1,227
09:13 24/11/2021,GKM,30.2,33.2,27.2,30.3,30.2,216
09:13 24/11/2021,LAS,23.5,25.8,21.2,23.7,23.5,214
09:13 24/11/2021,LDP,15.4,16.9,13.9,16.9,16.9,213
09:13 24/11/2021,ITQ,11.1,12.2,10.0,11.4,10.9,165
09:13 24/11/2021,TC6,13.6,14.9,12.3,14.3,14.0,164
09:13 24/11/2021,TAR,36.6,40.2,33.0,37.0,36.6,153
09:13 24/11/2021,NVB,29.8,32.7,26.9,30.1,30.0,148
09:13 24/11/2021,KVC,6.4,7.0,5.8,6.6,6.4,145
09:13 24/11/2021,BNA,46.0,50.6,41.4,46.1,45.2,139
09:13 24/11/2021,SDA,61.0,67.1,54.9,64.8,59.6,134
09:13 24/11/2021,FID,7.9,8.6,7.2,8.2,7.9,127
09:13 24/11/2021,DXP,23.6,25.9,21.3,24.2,23.6,127
09:13 24/11/2021,HOM,10.1,11.1,9.1,10.1,10.1,122
09:13 24/11/2021,C69,18.6,20.4,16.8,18.8,18.6,111
09:13 24/11/2021,WSS,16.1,17.7,14.5,17.1,16.2,99
09:13 24/11/2021,PLC,40.0,44.0,36.0,41.9,40.5,97
09:13 24/11/2021,L14,222.0,244.2,199.8,238.0,222.0,85
09:13 24/11/2021,DZM,10.0,11.0,9.0,10.4,10.4,80
09:13 24/11/2021,IVS,17.4,19.1,15.7,18.1,17.8,75
09:13 24/11/2021,PV2,7.7,8.4,7.0,8.2,8.0,75
09:13 24/11/2021,OCH,9.0,9.9,8.1,9.3,9.0,74
09:13 24/11/2021,PVG,15.1,16.6,13.6,15.5,15.1,63
09:13 24/11/2021,TDT,14.8,16.2,13.4,15.0,14.7,63
09:13 24/11/2021,VKC,14.3,15.7,12.9,14.8,14.3,60
09:13 24/11/2021,CCR,36.1,39.7,32.5,35.8,32.5,60
09:13 24/11/2021,TIG,19.8,21.7,17.9,20.0,19.6,60
09:13 24/11/2021,DDG,30.0,33.0,27.0,30.0,29.9,55
09:13 24/11/2021,VC3,56.0,61.6,50.4,56.6,56.3,55
09:08 24/11/2021,VCM,18.5,20.3,16.7,18.0,18.0,50
09:13 24/11/2021,TXM,8.0,8.8,7.2,8.0,8.0,50
09:13 24/11/2021,TA9,15.9,17.4,14.4,16.0,16.0,49
09:13 24/11/2021,TKU,38.5,42.3,34.7,41.0,38.5,46
09:13 24/11/2021,MAC,9.9,10.8,9.0,9.9,9.9,44
09:13 24/11/2021,DTD,45.7,50.2,41.2,46.0,45.8,39
09:13 24/11/2021,PGT,12.2,13.4,11.0,12.6,12.5,39
09:13 24/11/2021,PHP,29.9,32.8,27.0,30.2,29.9,38
09:13 24/11/2021,SDT,10.2,11.2,9.2,10.3,10.2,38
09:13 24/11/2021,KDM,10.4,11.4,9.4,10.4,10.2,36
09:13 24/11/2021,VC2,51.5,56.6,46.4,51.6,51.5,32
09:10 24/11/2021,VE1,8.1,8.9,7.3,8.1,7.6,32
09:13 24/11/2021,SPI,13.5,14.8,12.2,13.9,13.8,31
09:13 24/11/2021,SD6,9.3,10.2,8.4,10.0,9.3,31
09:10 24/11/2021,CMC,15.9,17.4,14.4,15.9,15.9,30
09:13 24/11/2021,PMB,19.2,21.1,17.3,20.5,19.1,30
09:11 24/11/2021,UNI,18.0,19.8,16.2,18.6,18.4,29
09:13 24/11/2021,VTV,9.2,10.1,8.3,9.6,9.3,27
09:13 24/11/2021,TKC,14.4,15.8,13.0,14.9,14.9,26
09:13 24/11/2021,CTP,8.0,8.8,7.2,8.3,8.2,26
09:11 24/11/2021,APP,11.0,12.1,9.9,11.0,11.0,25
09:13 24/11/2021,PVI,47.6,52.3,42.9,48.4,47.6,24
09:13 24/11/2021,NDX,13.4,14.7,12.1,13.4,13.0,24
09:13 24/11/2021,PSW,26.7,29.3,24.1,27.8,27.5,23
09:13 24/11/2021,D11,39.4,43.3,35.5,40.5,39.4,23
09:13 24/11/2021,NSH,15.5,17.0,14.0,15.6,15.6,22
09:13 24/11/2021,NBC,21.5,23.6,19.4,21.5,21.5,21
09:23 24/11/2021,SHS,52.0,57.2,46.8,53.8,51.3,14983
09:23 24/11/2021,PVS,25.8,28.3,23.3,26.6,26.0,13389
09:23 24/11/2021,ART,15.3,16.8,13.8,16.0,15.4,10782
09:23 24/11/2021,TTH,7.0,7.7,6.3,7.7,7.2,10279
09:23 24/11/2021,CEO,32.0,35.2,28.8,35.0,32.0,9315
09:23 24/11/2021,KLF,6.0,6.6,5.4,6.2,5.9,9306
09:23 24/11/2021,IDC,87.3,96.0,78.6,88.4,84.0,6677
09:23 24/11/2021,BII,15.0,16.5,13.5,15.9,15.0,6014
09:23 24/11/2021,TVC,25.1,27.6,22.6,25.9,25.4,4184
09:23 24/11/2021,VGS,44.0,48.4,39.6,47.5,44.5,3992
09:23 24/11/2021,CMS,19.4,21.3,17.5,21.3,21.3,3925
09:23 24/11/2021,VIG,16.0,17.6,14.4,17.0,16.1,3893
09:23 24/11/2021,MBS,43.8,48.1,39.5,45.7,43.9,3699
09:23 24/11/2021,AMV,13.2,14.5,11.9,13.9,13.2,3265
09:23 24/11/2021,APS,53.9,59.2,48.6,57.0,53.9,3077
09:23 24/11/2021,PVC,13.0,14.3,11.7,13.8,13.3,2754
09:23 24/11/2021,HHG,6.9,7.5,6.3,7.5,6.9,2469
09:23 24/11/2021,DST,7.4,8.1,6.7,7.7,7.3,2318
09:23 24/11/2021,NRC,29.8,32.7,26.9,30.7,29.9,2155
09:23 24/11/2021,DL1,12.4,13.6,11.2,12.8,12.2,1816
09:23 24/11/2021,CVN,13.6,14.9,12.3,14.9,13.7,1751
09:23 24/11/2021,TNG,30.1,33.1,27.1,30.9,30.4,1725
09:23 24/11/2021,NDN,23.2,25.5,20.9,23.8,23.2,1609
09:22 24/11/2021,SRA,12.4,13.6,11.2,13.3,12.4,1571
09:23 24/11/2021,MBG,13.8,15.1,12.5,14.2,13.6,1453
09:23 24/11/2021,HUT,14.8,16.2,13.4,15.0,14.8,1449
09:23 24/11/2021,SD9,17.3,19.0,15.6,17.3,16.2,1400
09:23 24/11/2021,KVC,6.4,7.0,5.8,6.6,6.4,1083
09:23 24/11/2021,IPA,71.9,79.0,64.8,74.5,71.9,1030
09:23 24/11/2021,LIG,17.2,18.9,15.5,17.5,16.8,1021
09:23 24/11/2021,PVL,16.0,17.6,14.4,17.0,16.0,1014
09:23 24/11/2021,S99,23.8,26.1,21.5,24.3,23.6,1013
09:23 24/11/2021,PSI,20.5,22.5,18.5,22.0,20.5,963
09:23 24/11/2021,TIG,19.8,21.7,17.9,20.1,19.6,956
09:23 24/11/2021,BVS,43.3,47.6,39.0,44.8,43.3,891
09:23 24/11/2021,KSQ,7.9,8.6,7.2,8.6,7.9,855
09:23 24/11/2021,HBS,17.4,19.1,15.7,18.3,17.4,855
09:23 24/11/2021,IDJ,63.5,69.8,57.2,66.9,63.5,783
09:23 24/11/2021,TAR,36.6,40.2,33.0,37.6,36.6,769
09:23 24/11/2021,NTP,60.9,66.9,54.9,61.9,61.5,768
09:23 24/11/2021,AAV,27.5,30.2,24.8,28.5,27.5,715
09:23 24/11/2021,ITQ,11.1,12.2,10.0,11.5,10.9,674
09:23 24/11/2021,LAS,23.5,25.8,21.2,23.7,23.5,667
09:23 24/11/2021,BCC,25.5,28.0,23.0,26.4,25.4,650
09:23 24/11/2021,GKM,30.2,33.2,27.2,30.4,30.2,648
09:23 24/11/2021,MCO,8.4,9.2,7.6,8.3,7.6,554
09:23 24/11/2021,DXP,23.6,25.9,21.3,24.2,23.6,544
09:22 24/11/2021,FID,7.9,8.6,7.2,8.3,7.9,499
09:22 24/11/2021,THD,235.2,258.7,211.7,236.4,235.3,458
09:22 24/11/2021,DVG,22.1,24.3,19.9,22.1,21.8,451
09:23 24/11/2021,VC7,24.5,26.9,22.1,26.3,23.1,415
09:23 24/11/2021,SVN,7.0,7.7,6.3,7.7,7.0,385
09:23 24/11/2021,SDA,61.0,67.1,54.9,64.8,59.6,381
09:23 24/11/2021,OCH,9.0,9.9,8.1,9.7,9.0,368
09:23 24/11/2021,CSC,127.0,139.7,114.3,135.0,129.0,365
09:23 24/11/2021,DTC,13.0,14.3,11.7,13.0,11.7,358
09:23 24/11/2021,PLC,40.0,44.0,36.0,41.9,40.5,350
09:23 24/11/2021,LDP,15.4,16.9,13.9,16.9,16.9,332
09:21 24/11/2021,VMC,14.5,15.9,13.1,15.2,15.0,282
09:23 24/11/2021,NVB,29.8,32.7,26.9,30.1,29.5,280
09:23 24/11/2021,HOM,10.1,11.1,9.1,10.2,10.1,271
09:23 24/11/2021,NDX,13.4,14.7,12.1,13.4,13.0,267
09:23 24/11/2021,IVS,17.4,19.1,15.7,18.3,17.8,264
09:23 24/11/2021,L14,222.0,244.2,199.8,244.0,222.0,262
09:21 24/11/2021,SPI,13.5,14.8,12.2,13.9,13.0,261
09:22 24/11/2021,C69,18.6,20.4,16.8,19.1,18.6,257
09:23 24/11/2021,EVS,40.2,44.2,36.2,42.0,40.5,250
09:23 24/11/2021,WSS,16.1,17.7,14.5,17.2,16.2,243
09:22 24/11/2021,PVG,15.1,16.6,13.6,15.5,15.1,236
09:23 24/11/2021,TC6,13.6,14.9,12.3,14.3,13.3,226
09:23 24/11/2021,DTD,45.7,50.2,41.2,47.2,45.8,224
09:22 24/11/2021,BAB,24.5,26.9,22.1,24.5,23.9,187
09:23 24/11/2021,PV2,7.7,8.4,7.0,8.2,8.0,187
09:22 24/11/2021,VC3,56.0,61.6,50.4,56.6,56.0,183
09:23 24/11/2021,MAC,9.9,10.8,9.0,10.0,9.9,182
09:23 24/11/2021,CTC,7.8,8.5,7.1,8.2,7.8,182
09:22 24/11/2021,TDT,14.8,16.2,13.4,15.0,14.7,173
09:22 24/11/2021,PVB,16.4,18.0,14.8,17.0,16.4,172
09:22 24/11/2021,SDT,10.2,11.2,9.2,10.3,10.2,159
09:23 24/11/2021,BTS,12.4,13.6,11.2,12.6,12.4,159
09:23 24/11/2021,VHE,10.4,11.4,9.4,10.8,10.5,155
09:23 24/11/2021,TA9,15.9,17.4,14.4,16.0,15.9,155
09:23 24/11/2021,SD6,9.3,10.2,8.4,10.0,9.3,155
09:23 24/11/2021,BNA,46.0,50.6,41.4,46.1,45.2,151
09:23 24/11/2021,DDG,30.0,33.0,27.0,30.2,29.8,150
09:22 24/11/2021,PVI,47.6,52.3,42.9,48.4,47.6,134
09:22 24/11/2021,VTV,9.2,10.1,8.3,9.6,9.3,128
09:21 24/11/2021,VC2,51.5,56.6,46.4,51.6,51.5,116
09:23 24/11/2021,SD4,8.8,9.6,8.0,9.6,8.5,116
09:23 24/11/2021,NSH,15.5,17.0,14.0,16.0,15.6,108
09:23 24/11/2021,MST,17.8,19.5,16.1,18.0,17.9,102
09:23 24/11/2021,PDB,24.3,26.7,21.9,26.7,25.6,102
09:23 24/11/2021,L18,49.0,53.9,44.1,52.6,50.0,98
09:22 24/11/2021,VKC,14.3,15.7,12.9,14.8,14.3,95
09:22 24/11/2021,PMB,19.2,21.1,17.3,20.5,19.1,92
09:23 24/11/2021,CTP,8.0,8.8,7.2,8.5,8.2,87
09:22 24/11/2021,TKC,14.4,15.8,13.0,14.9,13.2,86
09:21 24/11/2021,DZM,10.0,11.0,9.0,10.4,9.9,86
09:21 24/11/2021,SZB,34.5,37.9,31.1,34.4,34.4,84
09:23 24/11/2021,PHP,29.9,32.8,27.0,30.5,29.9,82
09:29 24/11/2021,SHS,52.0,57.2,46.8,53.8,51.3,19921
09:29 24/11/2021,PVS,25.8,28.3,23.3,26.6,26.0,15179
09:29 24/11/2021,ART,15.3,16.8,13.8,16.0,15.4,12230
09:29 24/11/2021,TTH,7.0,7.7,6.3,7.7,7.2,11675
09:29 24/11/2021,KLF,6.0,6.6,5.4,6.2,5.9,11642
09:29 24/11/2021,CEO,32.0,35.2,28.8,35.0,32.0,10157
09:29 24/11/2021,IDC,87.3,96.0,78.6,88.4,83.2,9041
09:29 24/11/2021,BII,15.0,16.5,13.5,15.9,15.0,7143
09:29 24/11/2021,TVC,25.1,27.6,22.6,25.9,25.4,5227
09:29 24/11/2021,VIG,16.0,17.6,14.4,17.0,16.1,5101
09:29 24/11/2021,MBS,43.8,48.1,39.5,45.7,43.9,4740
09:29 24/11/2021,VGS,44.0,48.4,39.6,47.5,44.5,4591
09:29 24/11/2021,AMV,13.2,14.5,11.9,13.9,13.2,4224
09:29 24/11/2021,PVC,13.0,14.3,11.7,13.8,13.3,4160
09:28 24/11/2021,CMS,19.4,21.3,17.5,21.3,21.3,3931
09:29 24/11/2021,APS,53.9,59.2,48.6,57.0,53.9,3872
09:29 24/11/2021,HHG,6.9,7.5,6.3,7.5,6.9,3207
09:29 24/11/2021,DST,7.4,8.1,6.7,7.7,7.3,2969
09:29 24/11/2021,CVN,13.6,14.9,12.3,14.9,13.7,2389
09:29 24/11/2021,NRC,29.8,32.7,26.9,30.7,29.9,2377
09:29 24/11/2021,TNG,30.1,33.1,27.1,30.9,30.4,2271
09:29 24/11/2021,DL1,12.4,13.6,11.2,12.8,12.2,2144
09:29 24/11/2021,LIG,17.2,18.9,15.5,17.5,16.8,2057
09:29 24/11/2021,NDN,23.2,25.5,20.9,23.8,23.2,2017
09:29 24/11/2021,HUT,14.8,16.2,13.4,15.0,14.8,1912
09:29 24/11/2021,MBG,13.8,15.1,12.5,14.2,13.6,1857
09:29 24/11/2021,SRA,12.4,13.6,11.2,13.3,12.4,1843
09:29 24/11/2021,SD9,17.3,19.0,15.6,17.3,16.2,1828
09:29 24/11/2021,S99,23.8,26.1,21.5,24.3,23.6,1661
09:29 24/11/2021,KSQ,7.9,8.6,7.2,8.6,7.9,1632
09:29 24/11/2021,TIG,19.8,21.7,17.9,20.2,19.6,1624
09:29 24/11/2021,PVL,16.0,17.6,14.4,17.3,16.0,1620
09:29 24/11/2021,ITQ,11.1,12.2,10.0,11.5,10.9,1420
09:29 24/11/2021,PSI,20.5,22.5,18.5,22.0,20.5,1396
09:28 24/11/2021,IPA,71.9,79.0,64.8,74.5,71.9,1342
09:29 24/11/2021,NTP,60.9,66.9,54.9,61.9,61.4,1259
09:29 24/11/2021,KVC,6.4,7.0,5.8,6.6,6.4,1200
09:29 24/11/2021,HBS,17.4,19.1,15.7,18.3,17.4,1145
09:29 24/11/2021,BCC,25.5,28.0,23.0,26.4,25.4,1120
09:29 24/11/2021,BVS,43.3,47.6,39.0,44.8,43.3,1100
09:29 24/11/2021,TAR,36.6,40.2,33.0,37.8,36.6,1059
09:28 24/11/2021,GKM,30.2,33.2,27.2,30.4,30.2,987
09:28 24/11/2021,IDJ,63.5,69.8,57.2,66.9,63.5,952
09:29 24/11/2021,AAV,27.5,30.2,24.8,28.5,27.5,898
09:29 24/11/2021,LAS,23.5,25.8,21.2,23.7,23.3,815
09:29 24/11/2021,FID,7.9,8.6,7.2,8.3,7.9,753
09:29 24/11/2021,WSS,16.1,17.7,14.5,17.2,16.2,666
09:28 24/11/2021,DXP,23.6,25.9,21.3,24.2,23.6,623
09:29 24/11/2021,MCO,8.4,9.2,7.6,9.1,7.6,608
09:29 24/11/2021,NDX,13.4,14.7,12.1,13.4,12.8,603
09:28 24/11/2021,DVG,22.1,24.3,19.9,22.1,21.8,601
09:29 24/11/2021,THD,235.2,258.7,211.7,236.5,235.3,552
09:28 24/11/2021,DTC,13.0,14.3,11.7,13.0,11.7,512
09:29 24/11/2021,PLC,40.0,44.0,36.0,41.9,40.5,508
09:29 24/11/2021,SVN,7.0,7.7,6.3,7.7,7.0,479
09:29 24/11/2021,SDA,61.0,67.1,54.9,64.8,59.6,471
09:29 24/11/2021,OCH,9.0,9.9,8.1,9.7,9.0,442
09:29 24/11/2021,VC7,24.5,26.9,22.1,26.3,23.1,434
09:28 24/11/2021,EVS,40.2,44.2,36.2,42.0,40.4,397
09:29 24/11/2021,NSH,15.5,17.0,14.0,16.0,15.4,396
09:28 24/11/2021,VMC,14.5,15.9,13.1,15.2,15.0,387
09:28 24/11/2021,NVB,29.8,32.7,26.9,30.1,29.5,384
09:28 24/11/2021,CSC,127.0,139.7,114.3,135.0,129.0,384
09:28 24/11/2021,PVG,15.1,16.6,13.6,15.5,15.1,369
09:29 24/11/2021,IVS,17.4,19.1,15.7,18.3,17.8,338
09:28 24/11/2021,TDT,14.8,16.2,13.4,15.0,14.7,336
09:29 24/11/2021,LDP,15.4,16.9,13.9,16.9,16.9,335
09:28 24/11/2021,PV2,7.7,8.4,7.0,8.2,8.0,311
09:28 24/11/2021,HOM,10.1,11.1,9.1,10.2,10.0,303
09:28 24/11/2021,DDG,30.0,33.0,27.0,30.2,29.8,300
09:29 24/11/2021,L14,222.0,244.2,199.8,244.0,222.0,285
09:29 24/11/2021,MAC,9.9,10.8,9.0,10.1,9.9,284
09:28 24/11/2021,C69,18.6,20.4,16.8,19.1,18.6,279
09:29 24/11/2021,DTD,45.7,50.2,41.2,47.2,45.8,262
09:28 24/11/2021,SPI,13.5,14.8,12.2,13.9,13.0,261
09:28 24/11/2021,SD6,9.3,10.2,8.4,10.0,9.3,256
09:28 24/11/2021,TXM,8.0,8.8,7.2,8.1,8.0,255
09:29 24/11/2021,BAB,24.5,26.9,22.1,24.5,23.9,237
09:28 24/11/2021,TC6,13.6,14.9,12.3,14.3,13.3,231
09:29 24/11/2021,VHE,10.4,11.4,9.4,10.8,10.5,225
09:28 24/11/2021,PVB,16.4,18.0,14.8,17.0,16.4,220
09:28 24/11/2021,CTC,7.8,8.5,7.1,8.2,7.8,220
09:28 24/11/2021,VTV,9.2,10.1,8.3,9.6,9.2,219
09:29 24/11/2021,BTS,12.4,13.6,11.2,12.6,12.4,213
09:28 24/11/2021,VC3,56.0,61.6,50.4,56.6,55.0,190
09:28 24/11/2021,L18,49.0,53.9,44.1,52.6,50.0,186
09:28 24/11/2021,BNA,46.0,50.6,41.4,46.1,45.2,183
09:28 24/11/2021,NBC,21.5,23.6,19.4,21.9,21.5,181
09:29 24/11/2021,TA9,15.9,17.4,14.4,16.1,15.9,177
09:29 24/11/2021,PVI,47.6,52.3,42.9,48.4,47.6,173
09:29 24/11/2021,TVD,14.6,16.0,13.2,15.0,14.6,172
09:28 24/11/2021,SD4,8.8,9.6,8.0,9.6,8.5,169
09:28 24/11/2021,SDT,10.2,11.2,9.2,10.3,10.2,162
09:28 24/11/2021,VKC,14.3,15.7,12.9,14.8,14.3,159
09:29 24/11/2021,VC2,51.5,56.6,46.4,51.6,51.5,148
09:28 24/11/2021,PSD,31.0,34.1,27.9,31.9,31.0,138
09:28 24/11/2021,API,93.0,102.3,83.7,97.0,94.0,137
09:28 24/11/2021,MST,17.8,19.5,16.1,18.2,17.9,136
09:28 24/11/2021,PDB,24.3,26.7,21.9,26.7,25.6,132
09:28 24/11/2021,D11,39.4,43.3,35.5,40.5,39.4,131
09:31 24/11/2021,SHS,52.0,57.2,46.8,53.8,51.3,20313
09:31 24/11/2021,PVS,25.8,28.3,23.3,26.6,26.0,15201
09:31 24/11/2021,ART,15.3,16.8,13.8,16.0,15.4,12440
09:31 24/11/2021,TTH,7.0,7.7,6.3,7.7,7.2,11778
09:31 24/11/2021,KLF,6.0,6.6,5.4,6.2,5.9,11642
09:31 24/11/2021,CEO,32.0,35.2,28.8,35.0,32.0,10160
09:31 24/11/2021,IDC,87.3,96.0,78.6,88.4,83.2,9334
09:31 24/11/2021,BII,15.0,16.5,13.5,15.9,15.0,7143
09:31 24/11/2021,TVC,25.1,27.6,22.6,25.9,25.4,5264
09:31 24/11/2021,VIG,16.0,17.6,14.4,17.0,16.1,5104
09:31 24/11/2021,MBS,43.8,48.1,39.5,45.7,43.9,4826
09:31 24/11/2021,PVC,13.0,14.3,11.7,13.8,13.3,4654
09:31 24/11/2021,VGS,44.0,48.4,39.6,47.5,44.5,4591
09:31 24/11/2021,AMV,13.2,14.5,11.9,13.9,13.2,4224
09:31 24/11/2021,CMS,19.4,21.3,17.5,21.3,21.3,3931
09:31 24/11/2021,APS,53.9,59.2,48.6,57.0,53.9,3887
09:31 24/11/2021,HHG,6.9,7.5,6.3,7.5,6.9,3237
09:31 24/11/2021,DST,7.4,8.1,6.7,7.7,7.3,2989
09:31 24/11/2021,CVN,13.6,14.9,12.3,14.9,13.7,2435
09:31 24/11/2021,NRC,29.8,32.7,26.9,30.7,29.9,2377
09:31 24/11/2021,DL1,12.4,13.6,11.2,12.8,12.2,2323
09:31 24/11/2021,TNG,30.1,33.1,27.1,30.9,30.4,2271
09:31 24/11/2021,LIG,17.2,18.9,15.5,17.5,16.8,2057
09:31 24/11/2021,NDN,23.2,25.5,20.9,23.8,23.2,2056
09:31 24/11/2021,HUT,14.8,16.2,13.4,15.0,14.8,1924
09:31 24/11/2021,MBG,13.8,15.1,12.5,14.2,13.6,1868
09:31 24/11/2021,SRA,12.4,13.6,11.2,13.3,12.4,1843
09:31 24/11/2021,SD9,17.3,19.0,15.6,17.3,16.2,1831
09:31 24/11/2021,TIG,19.8,21.7,17.9,20.2,19.6,1734
09:31 24/11/2021,PVL,16.0,17.6,14.4,17.3,16.0,1686
09:31 24/11/2021,S99,23.8,26.1,21.5,24.3,23.6,1661
09:31 24/11/2021,KSQ,7.9,8.6,7.2,8.6,7.9,1635
09:31 24/11/2021,NTP,60.9,66.9,54.9,61.9,61.4,1443
09:31 24/11/2021,ITQ,11.1,12.2,10.0,11.5,10.9,1420
09:31 24/11/2021,PSI,20.5,22.5,18.5,22.0,20.5,1396
09:31 24/11/2021,IPA,71.9,79.0,64.8,74.5,71.9,1358
09:31 24/11/2021,KVC,6.4,7.0,5.8,6.6,6.4,1203
09:31 24/11/2021,HBS,17.4,19.1,15.7,18.3,17.4,1155
09:31 24/11/2021,BVS,43.3,47.6,39.0,44.8,43.3,1134
09:31 24/11/2021,BCC,25.5,28.0,23.0,26.4,25.4,1125
09:31 24/11/2021,TAR,36.6,40.2,33.0,37.8,36.6,1094
09:31 24/11/2021,GKM,30.2,33.2,27.2,30.4,30.2,987
09:31 24/11/2021,IDJ,63.5,69.8,57.2,66.9,63.5,963
09:31 24/11/2021,AAV,27.5,30.2,24.8,28.5,27.5,898
09:31 24/11/2021,LAS,23.5,25.8,21.2,23.7,23.3,815
09:31 24/11/2021,FID,7.9,8.6,7.2,8.3,7.9,753
09:31 24/11/2021,WSS,16.1,17.7,14.5,17.2,16.2,666
09:31 24/11/2021,DXP,23.6,25.9,21.3,24.2,23.6,623
09:31 24/11/2021,MCO,8.4,9.2,7.6,9.1,7.6,608
09:31 24/11/2021,NDX,13.4,14.7,12.1,13.4,12.8,603
09:28 24/11/2021,DVG,22.1,24.3,19.9,22.1,21.8,601
09:31 24/11/2021,THD,235.2,258.7,211.7,236.5,235.3,570
09:31 24/11/2021,DTC,13.0,14.3,11.7,13.0,11.7,513
09:31 24/11/2021,PLC,40.0,44.0,36.0,41.9,40.5,508
09:31 24/11/2021,SVN,7.0,7.7,6.3,7.7,7.0,479
09:31 24/11/2021,SDA,61.0,67.1,54.9,64.8,59.6,471
09:31 24/11/2021,OCH,9.0,9.9,8.1,9.7,9.0,442
09:31 24/11/2021,VC7,24.5,26.9,22.1,26.3,23.1,434
09:31 24/11/2021,EVS,40.2,44.2,36.2,42.0,40.4,397
09:31 24/11/2021,NSH,15.5,17.0,14.0,16.0,15.4,396
09:31 24/11/2021,VMC,14.5,15.9,13.1,15.2,15.0,387
09:31 24/11/2021,NVB,29.8,32.7,26.9,30.1,29.5,384
09:31 24/11/2021,CSC,127.0,139.7,114.3,135.0,129.0,384
09:31 24/11/2021,PVG,15.1,16.6,13.6,15.5,15.1,369
09:31 24/11/2021,TDT,14.8,16.2,13.4,15.0,14.7,368
09:31 24/11/2021,MAC,9.9,10.8,9.0,10.1,9.9,338
09:31 24/11/2021,IVS,17.4,19.1,15.7,18.3,17.8,338
09:31 24/11/2021,LDP,15.4,16.9,13.9,16.9,16.9,335
09:31 24/11/2021,PV2,7.7,8.4,7.0,8.2,8.0,311
09:31 24/11/2021,HOM,10.1,11.1,9.1,10.2,10.0,303
09:31 24/11/2021,DDG,30.0,33.0,27.0,30.2,29.8,300
09:31 24/11/2021,L14,222.0,244.2,199.8,244.0,222.0,285
09:31 24/11/2021,C69,18.6,20.4,16.8,19.1,18.6,279
09:31 24/11/2021,DTD,45.7,50.2,41.2,47.2,45.8,262
09:31 24/11/2021,SPI,13.5,14.8,12.2,13.9,13.0,261
09:31 24/11/2021,SD6,9.3,10.2,8.4,10.0,9.3,256
09:31 24/11/2021,TXM,8.0,8.8,7.2,8.1,8.0,255
09:31 24/11/2021,BAB,24.5,26.9,22.1,24.5,23.9,237
09:31 24/11/2021,TC6,13.6,14.9,12.3,14.3,13.3,235
09:31 24/11/2021,VHE,10.4,11.4,9.4,10.8,10.5,230
09:31 24/11/2021,VTV,9.2,10.1,8.3,9.6,9.2,229
09:31 24/11/2021,TVD,14.6,16.0,13.2,15.0,14.6,222
09:31 24/11/2021,PVB,16.4,18.0,14.8,17.0,16.4,220
09:31 24/11/2021,CTC,7.8,8.5,7.1,8.2,7.8,220
09:31 24/11/2021,BTS,12.4,13.6,11.2,12.6,12.4,213
09:31 24/11/2021,TA9,15.9,17.4,14.4,16.1,15.9,210
09:31 24/11/2021,BNA,46.0,50.6,41.4,46.1,45.2,199
09:31 24/11/2021,VC3,56.0,61.6,50.4,56.6,55.0,190
09:31 24/11/2021,L18,49.0,53.9,44.1,52.6,50.0,186
09:31 24/11/2021,NBC,21.5,23.6,19.4,21.9,21.5,181
09:31 24/11/2021,PVI,47.6,52.3,42.9,48.4,47.6,173
09:31 24/11/2021,SD4,8.8,9.6,8.0,9.6,8.5,169
09:31 24/11/2021,SDT,10.2,11.2,9.2,10.3,10.2,165
09:31 24/11/2021,SD5,13.8,15.1,12.5,13.9,13.8,160
09:31 24/11/2021,VKC,14.3,15.7,12.9,14.8,14.3,159
09:31 24/11/2021,VC2,51.5,56.6,46.4,51.6,51.5,148
09:31 24/11/2021,PSD,31.0,34.1,27.9,31.9,31.0,138
09:31 24/11/2021,API,93.0,102.3,83.7,97.0,94.0,137
09:31 24/11/2021,MST,17.8,19.5,16.1,18.2,17.9,136
09:31 24/11/2021,PGS,26.5,29.1,23.9,26.8,26.5,134
09:50 24/11/2021,SHS,52.0,57.2,46.8,54.0,51.3,42004
09:50 24/11/2021,PVS,25.8,28.3,23.3,26.6,26.0,19898
09:50 24/11/2021,ART,15.3,16.8,13.8,16.0,15.4,18747
09:50 24/11/2021,IDC,87.3,96.0,78.6,88.4,82.9,15485
09:50 24/11/2021,KLF,6.0,6.6,5.4,6.2,5.9,15063
09:50 24/11/2021,CEO,32.0,35.2,28.8,35.0,32.0,14184
09:50 24/11/2021,TTH,7.0,7.7,6.3,7.7,7.2,13906
09:50 24/11/2021,TVC,25.1,27.6,22.6,25.9,25.4,8784
09:50 24/11/2021,BII,15.0,16.5,13.5,15.9,15.0,8743
09:50 24/11/2021,AMV,13.2,14.5,11.9,13.9,13.2,7807
09:50 24/11/2021,MBS,43.8,48.1,39.5,45.7,43.9,7300
09:50 24/11/2021,PVL,16.0,17.6,14.4,17.6,16.0,7118
09:50 24/11/2021,VIG,16.0,17.6,14.4,17.0,16.1,6957
09:50 24/11/2021,VGS,44.0,48.4,39.6,47.5,44.5,6460
09:50 24/11/2021,APS,53.9,59.2,48.6,57.0,53.9,5963
09:50 24/11/2021,PVC,13.0,14.3,11.7,13.8,13.3,5290
09:50 24/11/2021,DST,7.4,8.1,6.7,8.0,7.3,5109
09:50 24/11/2021,HUT,14.8,16.2,13.4,15.0,14.7,4929
09:49 24/11/2021,CMS,19.4,21.3,17.5,21.3,21.3,3951
09:50 24/11/2021,MBG,13.8,15.1,12.5,14.2,13.6,3921
09:50 24/11/2021,NDN,23.2,25.5,20.9,23.8,23.2,3897
09:50 24/11/2021,DL1,12.4,13.6,11.2,12.8,12.2,3726
09:50 24/11/2021,HHG,6.9,7.5,6.3,7.5,6.9,3673
09:50 24/11/2021,SD9,17.3,19.0,15.6,17.3,16.2,3471
09:50 24/11/2021,LIG,17.2,18.9,15.5,17.5,16.8,3470
09:50 24/11/2021,TNG,30.1,33.1,27.1,30.9,30.4,3404
09:50 24/11/2021,CVN,13.6,14.9,12.3,14.9,13.7,3386
09:50 24/11/2021,TIG,19.8,21.7,17.9,20.2,19.6,3371
09:49 24/11/2021,NTP,60.9,66.9,54.9,62.0,61.4,2710
09:50 24/11/2021,TAR,36.6,40.2,33.0,38.3,36.6,2694
09:50 24/11/2021,KSQ,7.9,8.6,7.2,8.6,7.9,2675
09:49 24/11/2021,ITQ,11.1,12.2,10.0,11.5,10.9,2636
09:49 24/11/2021,NRC,29.8,32.7,26.9,30.7,29.9,2535
09:49 24/11/2021,SRA,12.4,13.6,11.2,13.3,12.4,2507
09:50 24/11/2021,S99,23.8,26.1,21.5,24.3,23.6,2484
09:50 24/11/2021,KVC,6.4,7.0,5.8,6.7,6.4,2157
09:50 24/11/2021,IPA,71.9,79.0,64.8,74.5,71.9,2139
09:50 24/11/2021,BCC,25.5,28.0,23.0,26.4,25.4,1982
09:49 24/11/2021,MAC,9.9,10.8,9.0,10.4,9.9,1911
09:50 24/11/2021,LAS,23.5,25.8,21.2,23.7,23.0,1818
09:50 24/11/2021,PSI,20.5,22.5,18.5,22.0,20.5,1676
09:50 24/11/2021,BVS,43.3,47.6,39.0,44.8,43.3,1609
09:50 24/11/2021,HBS,17.4,19.1,15.7,18.3,17.4,1505
09:49 24/11/2021,DDG,30.0,33.0,27.0,30.4,29.8,1495
09:50 24/11/2021,IDJ,63.5,69.8,57.2,66.9,63.5,1456
09:50 24/11/2021,AAV,27.5,30.2,24.8,28.5,27.5,1407
09:50 24/11/2021,FID,7.9,8.6,7.2,8.3,7.9,1382
09:49 24/11/2021,GKM,30.2,33.2,27.2,30.4,30.2,1314
09:50 24/11/2021,THD,235.2,258.7,211.7,236.5,235.3,1048
09:49 24/11/2021,PLC,40.0,44.0,36.0,41.9,40.5,1015
09:49 24/11/2021,NDX,13.4,14.7,12.1,13.4,12.8,985
09:49 24/11/2021,PCG,11.8,12.9,10.7,11.8,10.7,933
09:50 24/11/2021,WSS,16.1,17.7,14.5,17.3,16.2,920
09:49 24/11/2021,NVB,29.8,32.7,26.9,30.1,29.5,901
09:50 24/11/2021,DVG,22.1,24.3,19.9,22.1,21.5,870
09:49 24/11/2021,DXP,23.6,25.9,21.3,24.2,23.6,845
09:49 24/11/2021,EVS,40.2,44.2,36.2,42.0,40.4,816
09:49 24/11/2021,TDT,14.8,16.2,13.4,15.0,14.7,749
09:50 24/11/2021,SDA,61.0,67.1,54.9,64.8,59.6,741
09:50 24/11/2021,NAG,12.4,13.6,11.2,12.8,12.4,709
09:50 24/11/2021,MCO,8.4,9.2,7.6,9.1,7.6,686
09:50 24/11/2021,NSH,15.5,17.0,14.0,16.0,15.3,676
09:49 24/11/2021,CTC,7.8,8.5,7.1,8.2,7.8,670
09:50 24/11/2021,VC7,24.5,26.9,22.1,26.3,23.1,649
09:50 24/11/2021,SPI,13.5,14.8,12.2,13.9,13.0,606
09:50 24/11/2021,BNA,46.0,50.6,41.4,46.1,45.0,602
09:49 24/11/2021,DTC,13.0,14.3,11.7,13.0,11.7,600
09:49 24/11/2021,OCH,9.0,9.9,8.1,9.7,9.0,577
09:49 24/11/2021,PV2,7.7,8.4,7.0,8.2,8.0,568
09:49 24/11/2021,HOM,10.1,11.1,9.1,10.2,10.0,560
09:49 24/11/2021,IVS,17.4,19.1,15.7,18.3,17.8,554
09:50 24/11/2021,VTV,9.2,10.1,8.3,9.6,9.2,551
09:50 24/11/2021,BAB,24.5,26.9,22.1,24.8,23.9,545
09:50 24/11/2021,CSC,127.0,139.7,114.3,135.0,129.0,542
09:49 24/11/2021,PVI,47.6,52.3,42.9,48.5,47.6,528
09:49 24/11/2021,VHE,10.4,11.4,9.4,10.8,10.5,523
09:50 24/11/2021,PVG,15.1,16.6,13.6,15.5,15.1,513
09:49 24/11/2021,SVN,7.0,7.7,6.3,7.7,7.0,510
09:49 24/11/2021,LHC,105.7,116.2,95.2,104.2,98.0,494
09:49 24/11/2021,LDP,15.4,16.9,13.9,16.9,16.9,473
09:50 24/11/2021,DTD,45.7,50.2,41.2,47.4,45.8,461
09:50 24/11/2021,SD5,13.8,15.1,12.5,13.9,13.5,448
09:50 24/11/2021,NBC,21.5,23.6,19.4,21.9,21.5,428
09:49 24/11/2021,VMC,14.5,15.9,13.1,15.2,15.0,394
09:50 24/11/2021,CET,10.1,11.1,9.1,11.0,10.1,352
09:49 24/11/2021,L14,222.0,244.2,199.8,244.0,222.0,343
09:49 24/11/2021,TA9,15.9,17.4,14.4,16.1,15.8,338
09:49 24/11/2021,C69,18.6,20.4,16.8,19.1,18.6,333
09:50 24/11/2021,SCI,42.8,47.0,38.6,43.0,42.0,332
09:49 24/11/2021,SD6,9.3,10.2,8.4,10.0,9.3,329
09:50 24/11/2021,VC3,56.0,61.6,50.4,56.6,54.0,326
09:50 24/11/2021,TC6,13.6,14.9,12.3,14.3,13.3,324
09:49 24/11/2021,TXM,8.0,8.8,7.2,8.2,8.0,317
09:49 24/11/2021,MST,17.8,19.5,16.1,18.2,17.9,315
09:50 24/11/2021,VKC,14.3,15.7,12.9,14.8,13.6,298
09:50 24/11/2021,L18,49.0,53.9,44.1,52.6,50.0,291
09:50 24/11/2021,API,93.0,102.3,83.7,97.0,93.6,286
09:49 24/11/2021,TVD,14.6,16.0,13.2,15.0,14.6,285
09:49 24/11/2021,SD4,8.8,9.6,8.0,9.6,8.5,283
09:49 24/11/2021,PVB,16.4,18.0,14.8,17.0,16.4,282
